-- The data below is for demonstration purposes only
INSERT INTO job (id_job,titlu_job,salariu_lunar) VALUES (1,'Conducator activitate de transport rutier',6837.00);
INSERT INTO job (id_job,titlu_job,salariu_lunar) VALUES (2,'Masinist la masini pentru terasamente (ifronist)',11281.00);
INSERT INTO job (id_job,titlu_job,salariu_lunar) VALUES (3,'Conducator auto transport rutier de marfuri',10257.00);
INSERT INTO job (id_job,titlu_job,salariu_lunar) VALUES (4,'Maistru mecanic masini si utilaje pentru constructii',17093.00);
INSERT INTO job (id_job,titlu_job,salariu_lunar) VALUES (5,'Mecanic auto',7692.00);
INSERT INTO job (id_job,titlu_job,salariu_lunar) VALUES (6,'Muncitor necalificat la intretinerea de drumuri, sosele, poduri, baraje',9401.00);
INSERT INTO job (id_job,titlu_job,salariu_lunar) VALUES (7,'Sapator manual',8548.00);
INSERT INTO job (id_job,titlu_job,salariu_lunar) VALUES (8,'Mecanic utilaj',5980.00);
INSERT INTO job (id_job,titlu_job,salariu_lunar) VALUES (9,'Inginer constructii civile, industriale si agricole',12566.00);


INSERT INTO angajat (id_angajat,cnp,data_incepere,nationalitate,nume,prenume,iban,telefon,id_job) VALUES (1,2780809384859,'09-OCT-07','Română','Ionescu','Simona','RO49BACX1B31007593840215','+40712149586',1);
INSERT INTO angajat (id_angajat,cnp,data_incepere,nume,prenume,iban,telefon,id_job) VALUES (2,1780528387534,'06-APR-07','Ionescu','Florea','RO49BACX1B31008962453389','+40783021475',2);
INSERT INTO angajat (id_angajat,cnp,data_incepere,nume,prenume,iban,telefon,id_job) VALUES (3,1891103387418,'14-APR-16','Dumitrascu','Marin','RO12BTRL0000128966347036','+40756932840',3);
INSERT INTO angajat (id_angajat,cnp,data_incepere,nume,prenume,iban,telefon,id_job) VALUES (4,1870907389641,'03-APR-21','Girtone','Constantin Claudiu','RO89INGB0001000098765432','+40724769358',4);
INSERT INTO angajat (id_angajat,cnp,data_incepere,nume,prenume,iban,telefon,id_job) VALUES (5,1770927092354,'23-AUG-21','Scarlat','Sorinel','RO45RNCB0023145582133658','+40738501729',5);
INSERT INTO angajat (id_angajat,cnp,data_incepere,nume,prenume,iban,telefon,id_job) VALUES (6,1850224388843,'22-FEB-23','Becheanu','Marian-Robert','RO22BACX0000012345678901','+40791253864',5);
INSERT INTO angajat (id_angajat,cnp,data_incepere,nume,prenume,iban,telefon,id_job) VALUES (7,1980826389511,'06-APR-23','Dumitrascu','Ionut-Andrei','RO67BRDE0100148522356987','+40767420913',6);
INSERT INTO angajat (id_angajat,cnp,data_incepere,nume,prenume,iban,telefon,id_job) VALUES (8,1820315386811,'02-FEB-24','Ploae-Alexandru','Ionut-Razvan','RO21INGB0002000012173434','+40740387165',3);
INSERT INTO angajat (id_angajat,cnp,data_incepere,nationalitate,nume,prenume,iban,telefon,id_job) VALUES (9,7860425214882,'15-APR-24','Ucraineană','Kovalenko','Maksym','RO34RZBR0000589647752136','+380725813907',8);
INSERT INTO angajat (id_angajat,cnp,data_incepere,nume,prenume,iban,telefon,id_job) VALUES (10,1740304381646,'14-MAY-24','Ilie','Tudor','RO56CECB0000125849688752','+40778654230',7);
INSERT INTO angajat (id_angajat,cnp,data_incepere,nume,prenume,iban,telefon,id_job) VALUES (11,1680924383286,'17-MAY-24','Nistorescu','Marian','RO68RNCB0071098765430002','+40731902845',3);
INSERT INTO angajat (id_angajat,cnp,data_incepere,nume,prenume,iban,telefon,id_job) VALUES (12,1770604384516,'22-MAY-22','Cherascu','Ilie','RO10BTRL0000256339887415','+40794236571',7);
INSERT INTO angajat (id_angajat,cnp,data_incepere,nume,prenume,iban,telefon,id_job) VALUES (13,1741001383748,'28-JUN-23','Miron','Constantin','RO32RNCB0056324496190011','+40760583792',6);
INSERT INTO angajat (id_angajat,cnp,data_incepere,nume,prenume,iban,telefon,id_job) VALUES (14,1870818289481,'16-AUG-24','Casapu','Madalin-Cosmin','RO43BRDE0200489621550099','+40717346082',2);
INSERT INTO angajat (id_angajat,cnp,data_incepere,nume,prenume,iban,telefon,id_job) VALUES (15,1590208385577,'26-AUG-20','Iancu','Ion','RO54BACX0000989557412457','+40742987651',8);
INSERT INTO angajat (id_angajat,cnp,data_incepere,nume,prenume,iban,telefon,id_job) VALUES (16,1611017386672,'11-NOV-22','Balau','Marcel','RO65RZBR0000788542369561','+40785120397',9);
INSERT INTO angajat (id_angajat,cnp,data_incepere,nume,prenume,iban,telefon,id_job) VALUES (17,5010916386541,'03-APR-25','Miron','Constantin-Alexandru','RO41BRDE441SV12558178900','+40728461359',6);
INSERT INTO angajat (id_angajat,cnp,data_incepere,nume,prenume,iban,telefon,id_job) VALUES (18,1830726461186,'28-JUL-19','Neamtu','Cristian','RO57INGB0000992335168977','+40793705426',3);
INSERT INTO angajat (id_angajat,cnp,data_incepere,nume,prenume,iban,telefon,id_job) VALUES (19,1850523389448,'03-DEC-25','Maracine','Dumitru','RO98BTRL0000563225874119','+40736017284',3);
INSERT INTO angajat (id_angajat,cnp,data_incepere,nume,prenume,iban,telefon,id_job) VALUES (20,1870525386241,'04-JAN-23','Antonescu','Vasile','RO19INGB0003000045856727','+40759802341',3);
INSERT INTO angajat (id_angajat,cnp,data_incepere,nume,prenume,iban,telefon,id_job) VALUES (21,1710421383510,'25-AUG-21','Belciu','Dumitru-Gheorghe','RO34RZBR0000589233478941','+40771482690',6);
INSERT INTO angajat (id_angajat,data_incepere,nationalitate,nume,prenume,iban,telefon,id_job) VALUES (22,'21-JAN-25','Spaniola','Gomez','Fernando','ES9121000418450200051432','+34684416346',5);


INSERT INTO client (cui, nume_contractor, numar_reg_com, email, telefon, judet, oras, strada, numar_strada) VALUES ('RO481925', 'Primaria Municipiului Rm. Valcea', 'X38/101/1991', 'primaria@vl.ro','0250731016', 'Valcea', 'Ramnicu Valcea', 'Strada G-ral Praporgescu', 14);
INSERT INTO client (cui, nume_contractor, numar_reg_com, email, telefon, judet, oras, strada, numar_strada) VALUES ('RO829371', 'CNAIR - DRDP Craiova', 'J16/482/2000', 'office@drdp-craiova.ro','0251956237', 'Dolj', 'Craiova', 'Strada Nicolae Titulescu', 10);
INSERT INTO client (cui, nume_contractor, numar_reg_com, email, telefon, judet, oras, strada, numar_strada) VALUES ('RO371948', 'Dedeman SRL', 'J04/262/1992', 'imobiliare@dedeman.ro','0334481175', 'Bacau', 'Bacau', 'Strada Tolstoi', 8);
INSERT INTO client (cui, nume_contractor, numar_reg_com, email, telefon, judet, oras, strada, numar_strada) VALUES ('RO592634', 'Consiliul Judetean Valcea', 'X38/992/1992', 'consiliu@cjvalcea.ro','0250995874', 'Valcea', 'Ramnicu Valcea', 'Strada G-ral Praporgescu', 1);
INSERT INTO client (cui, nume_contractor, numar_reg_com, email, telefon, judet, oras, strada, numar_strada) VALUES ('RO159283', 'Strabag SRL', 'J40/600/1994', 'office.ro@strabag.com','0215597146', 'Bucuresti', 'Bucuresti', 'Calea Floreasca', 169);
INSERT INTO client (cui, nume_contractor, numar_reg_com, email, telefon, judet, oras, strada, numar_strada) VALUES ('RO739462', 'Cozia Forest SA', 'J38/515/1995', 'contact@cozia.ro','0750233748', 'Valcea', 'Calimanesti', 'Calea lui Traian', 380);
INSERT INTO client (cui, nume_contractor, numar_reg_com, email, telefon, judet, oras, strada, numar_strada) VALUES ('RO284105', 'Porr Construct SRL', 'J40/500/2003', 'office@porr.ro','0216984115', 'Bucuresti', 'Bucuresti', 'Bulevardul Dimitrie Pompeiu', 5);
INSERT INTO client (cui, nume_contractor, numar_reg_com, email, telefon, judet, oras, strada, numar_strada) VALUES ('RO648193', 'Oltchim SA (reorganizare)', 'J38/111/1991', 'office@oltchim.ro','0750338419', 'Valcea', 'Ramnicu Valcea', 'Strada Uzinei', 1);
INSERT INTO client (cui, nume_contractor, numar_reg_com, email, telefon, judet, oras, strada, numar_strada) VALUES ('RO928517', 'Annabella SRL', 'J38/222/1994', 'office@annabella.ro','0750986647', 'Valcea', 'Ramnicu Valcea', 'Strada Stirbei Voda', 22);
INSERT INTO client (cui, nume_contractor, numar_reg_com, email, telefon, judet, oras, strada, numar_strada) VALUES ('RO102649', 'Diana SRL', 'J38/333/1991', 'contact@diana.ro','0250354771', 'Valcea', 'Ramnicu Valcea', 'Calea lui Traian', 150);
INSERT INTO client (cui, nume_contractor, numar_reg_com, email, telefon, judet, oras, strada, numar_strada) VALUES ('RO564820', 'Boromir IND SRL', 'J38/444/1994', 'office@boromir.ro','0250368991', 'Valcea', 'Ramnicu Valcea', 'Strada Targului', 2);
INSERT INTO client (cui, nume_contractor, numar_reg_com, email, telefon, judet, oras, strada, numar_strada) VALUES ('RO374951', 'Damila SRL', 'J38/555/1992', 'vanzari@damila.ro','0750148253', 'Valcea', 'Ramnicu Valcea', 'Strada Barajului', 10);
INSERT INTO client (cui, nume_contractor, numar_reg_com, email, telefon, judet, oras, strada, numar_strada) VALUES ('RO817362', 'Vel Pitar SA', 'J38/666/1999', 'contact@velpitar.ro','0350967223', 'Valcea', 'Ramnicu Valcea', 'Strada Timis', 1);
INSERT INTO client (cui, nume_contractor, numar_reg_com, email, telefon, judet, oras, strada, numar_strada) VALUES ('RO293584', 'Primaria Orasului Horezu', 'X38/888/1990', 'primaria@horezu.ro','0250695524', 'Valcea', 'Horezu', 'Strada 1 Decembrie', 5);
INSERT INTO client (cui, nume_contractor, numar_reg_com, email, telefon, judet, oras, strada, numar_strada) VALUES ('RO475193', 'CNAIR - DRDP Bucuresti', 'J40/552/2004', 'office@andnet.ro','0216588927', 'Bucuresti', 'Bucuresti', 'Bulevardul Dinicu Golescu', 38);


INSERT INTO lucrare (id_lucrare, nume_lucrare, buget, data_start, status, cui) VALUES (1, 'Reabilitare Calea lui Traian - Sector Nord', 4200000.00, TO_DATE('15-MAR-2024','DD-MON-YYYY'), 'Activ', 'RO481925');
INSERT INTO lucrare (id_lucrare, nume_lucrare, buget, data_start, status, cui) VALUES (2, 'Consolidare Versanti Valea Oltului (Sector 2)', 12500000.00, TO_DATE('01-FEB-2023','DD-MON-YYYY'), 'Activ', 'RO475193');
INSERT INTO lucrare (id_lucrare, nume_lucrare, buget, data_start, status, cui) VALUES (3, 'Amenajare Parcare Dedeman Rm. Valcea', 680000.00, TO_DATE('01-AUG-2022','DD-MON-YYYY'), 'Finalizat', 'RO371948');
INSERT INTO lucrare (id_lucrare, nume_lucrare, buget, data_start, status, cui) VALUES (4, 'Autostrada Sibiu-Pitesti Sectiunea 3 (Subcontractare)', 25000000.00, TO_DATE('20-JUN-2023','DD-MON-YYYY'), 'Activ', 'RO284105');
INSERT INTO lucrare (id_lucrare, nume_lucrare, buget, data_start, status, cui) VALUES (5, 'Asfaltare DJ 678A Olanesti - Cheia', 1850000.00, TO_DATE('10-MAY-2024','DD-MON-YYYY'), 'In asteptare', 'RO592634');
INSERT INTO lucrare (id_lucrare, nume_lucrare, buget, data_start, status, cui) VALUES (6, 'Drum Acces Platforma Industriala Sud', 920000.00, TO_DATE('12-JAN-2025','DD-MON-YYYY'), 'In asteptare', 'RO648193');
INSERT INTO lucrare (id_lucrare, nume_lucrare, buget, data_start, status, cui) VALUES (7, 'Reparatii Pod peste Olt - Baraj Calimanesti', 3100000.00, TO_DATE('15-SEP-2023','DD-MON-YYYY'), 'Activ', 'RO739462');
INSERT INTO lucrare (id_lucrare, nume_lucrare, buget, data_start, status, cui) VALUES (8, 'Modernizare Parcare Supermarket Annabella A3', 450000.00, TO_DATE('10-MAR-2024','DD-MON-YYYY'), 'Finalizat', 'RO928517');
INSERT INTO lucrare (id_lucrare, nume_lucrare, buget, data_start, status, cui) VALUES (9, 'Platforma Logistica Diana - Bujoreni', 2200000.00, TO_DATE('01-JUN-2024','DD-MON-YYYY'), 'Activ', 'RO102649');
INSERT INTO lucrare (id_lucrare, nume_lucrare, buget, data_start, status, cui) VALUES (10, 'Drum Acces Silozuri Boromir', 850000.00, TO_DATE('15-FEB-2024','DD-MON-YYYY'), 'Finalizat', 'RO564820');
INSERT INTO lucrare (id_lucrare, nume_lucrare, buget, data_start, status, cui) VALUES (11, 'Depozit Materiale Constructii Damila - Platforma', 1500000.00, TO_DATE('20-APR-2024','DD-MON-YYYY'), 'Activ', 'RO374951');
INSERT INTO lucrare (id_lucrare, nume_lucrare, buget, data_start, status, cui) VALUES (12, 'Reabilitare Trotuare Horezu Centru', 350000.00, TO_DATE('01-MAY-2024','DD-MON-YYYY'), 'In asteptare', 'RO293584');
INSERT INTO lucrare (id_lucrare, nume_lucrare, buget, data_start, status, cui) VALUES (13, 'Asfaltare Incinta Fabrica Vel Pitar', 550000.00, TO_DATE('10-AUG-2023','DD-MON-YYYY'), 'Finalizat', 'RO817362');
INSERT INTO lucrare (id_lucrare, nume_lucrare, buget, data_start, status, cui) VALUES (14, 'Intretinere Drumuri Judetene - Sector Nord', 4200000.00, TO_DATE('01-JAN-2024','DD-MON-YYYY'), 'Activ', 'RO592634');
INSERT INTO lucrare (id_lucrare, nume_lucrare, buget, data_start, status, cui) VALUES (15, 'Marcaje Rutiere DN67 Rm. Valcea - Tg. Jiu', 250000.00, TO_DATE('01-SEP-2024','DD-MON-YYYY'), 'In asteptare', 'RO829371');


INSERT INTO utilaj (nr_inmatriculare, marca, denumire, cost_unitate) VALUES ('VL 88 VRT', 'Volvo', 'Excavator Senile EC300', 350.00);
INSERT INTO utilaj (nr_inmatriculare, marca, denumire, unitate_masura, cost_unitate) VALUES ('VL 39 VRT', 'Volvo', 'Autobasculanta FMX 8x4','km',  16.00);
INSERT INTO utilaj (nr_inmatriculare, marca, denumire, cost_unitate) VALUES ('VL 09 VRT', 'Volvo', 'Incarcator Frontal L120', 280.00);
INSERT INTO utilaj (nr_inmatriculare, marca, denumire, unitate_masura, cost_unitate) VALUES ('VL 33 VRT', 'Volvo', 'Cifa Beton FMX','km', 15.00);
INSERT INTO utilaj (nr_inmatriculare, marca, denumire, cost_unitate) VALUES ('VL 77 VRT', 'Volvo', 'Cilindru Compactor DD', 220.00);
INSERT INTO utilaj (nr_inmatriculare, marca, denumire, cost_unitate) VALUES ('VL 04 VRT', 'Wirtgen', 'Freza Asfalt W200', 450.00);
INSERT INTO utilaj (nr_inmatriculare, marca, denumire, cost_unitate) VALUES ('VL 21 VRT', 'Vogele', 'Finisor Asfalt Super', 500.00);
INSERT INTO utilaj (nr_inmatriculare, marca, denumire, cost_unitate) VALUES ('VL 55 VRT', 'Hamm', 'Cilindru Compactor HD90', 250.00);
INSERT INTO utilaj (nr_inmatriculare, marca, denumire, cost_unitate) VALUES ('VL 10 VRT', 'Caterpillar', 'Autogreder 140K', 300.00);
INSERT INTO utilaj (nr_inmatriculare, marca, denumire, cost_unitate) VALUES ('VL 99 VRT', 'JCB', 'Buldoexcavator 4CX', 180.00);
INSERT INTO utilaj (nr_inmatriculare, marca, denumire, unitate_masura, cost_unitate) VALUES ('VL 62 VRT', 'Man', 'Autobasculanta TGS','km', 16.00); 
INSERT INTO utilaj (nr_inmatriculare, marca, denumire, cost_unitate) VALUES ('VL 12 VRT', 'Bomag', 'Stabilizator Sol', 400.00);
INSERT INTO utilaj (nr_inmatriculare, marca, denumire, cost_unitate) VALUES ('VL 45 VRT', 'Iveco', 'Cisterna Apa', 100.00);
INSERT INTO utilaj (nr_inmatriculare, marca, denumire, cost_unitate) VALUES ('VL 38 VRT', 'Liebherr', 'Macara Mobila 50t', 450.00);
INSERT INTO utilaj (nr_inmatriculare, marca, denumire, cost_unitate) VALUES ('VL 29 VRT', 'Bobcat', 'Miniexcavator S550', 120.00);


INSERT INTO material (id_material, nume_material, unitate_masura, pret_unitate) VALUES (1, 'Mixtura Asfaltica BA16', 'tona', 580.00);
INSERT INTO material (id_material, nume_material, unitate_masura, pret_unitate) VALUES (2, 'Bitum Rutier 50/70', 'tona', 2800.00);
INSERT INTO material (id_material, nume_material, unitate_masura, pret_unitate) VALUES (3, 'Emulsie Bituminoasa', 'kg', 4.50);
INSERT INTO material (id_material, nume_material, unitate_masura, pret_unitate) VALUES (4, 'Piatra Sparta 0-63mm', 'mc', 95.00);
INSERT INTO material (id_material, nume_material, unitate_masura, pret_unitate) VALUES (5, 'Balast Stabilizat 4%', 'mc', 185.00);
INSERT INTO material (id_material, nume_material, unitate_masura, pret_unitate) VALUES (6, 'Beton Rutier BCR 4.5', 'mc', 480.00);
INSERT INTO material (id_material, nume_material, unitate_masura, pret_unitate) VALUES (7, 'Borduri Beton 20x25', 'buc', 35.00);
INSERT INTO material (id_material, nume_material, unitate_masura, pret_unitate) VALUES (8, 'Parapet Metalic H1', 'ml', 250.00);
INSERT INTO material (id_material, nume_material, unitate_masura, pret_unitate) VALUES (9, 'Sare Deszapezire', 'tona', 400.00);
INSERT INTO material (id_material, nume_material, unitate_masura, pret_unitate) VALUES (10, 'Geotextil', 'mp', 12.00);
INSERT INTO material (id_material, nume_material, unitate_masura, pret_unitate) VALUES (11, 'Vopsea Marcaj Rutier', 'kg', 28.00);
INSERT INTO material (id_material, nume_material, unitate_masura, pret_unitate) VALUES (12, 'Fier Beton BST500', 'kg', 6.50);


INSERT INTO furnizor (id_furnizor, cui, nume_firma, numar_reg_com, iban, nume_banca, email, telefon, judet, oras, strada, numar_strada) VALUES (1, 'RO847129', 'Cariera Bistrita SA', 'J38/111/1995', 'RO19BACX0000000123456001', 'UniCredit Bank', 'vanzari@carierabistrita.ro','0750649827', 'Valcea', 'Bistrita', 'Str. Principala', 1);
INSERT INTO furnizor (id_furnizor, cui, nume_firma, numar_reg_com, iban, nume_banca, email, telefon, judet, oras, strada, numar_strada) VALUES (2, 'RO381920', 'Statie Asfalt Oltchim', 'J38/222/2000', 'RO57INGB0000999987654321', 'ING Bank', 'asfalt@oltchim.ro','0250912436', 'Valcea', 'Ramnicu Valcea', 'Platforma Sud', 5);
INSERT INTO furnizor (id_furnizor, cui, nume_firma, numar_reg_com, iban, nume_banca, email, telefon, judet, oras, strada, numar_strada) VALUES (3, 'RO592831', 'Holcim Romania', 'J40/333/1997', 'RO24RNCB0071012345670001', 'BCR', 'betoane.vl@holcim.ro','0350578116', 'Valcea', 'Ramnicu Valcea', 'Str. Depozitelor', 10);
INSERT INTO furnizor (id_furnizor, cui, nume_firma, numar_reg_com, iban, nume_banca, email, telefon, judet, oras, strada, numar_strada) VALUES (4, 'RO918273', 'Mairon SA (Otel)', 'J17/444/1994', 'RO41BRDE441SV12345678900', 'BRD', 'vanzari@mairon.ro','0236928544', 'Galati', 'Galati', 'Str. Portului', 20);
INSERT INTO furnizor (id_furnizor, cui, nume_firma, numar_reg_com, iban, nume_banca, email, telefon, judet, oras, strada, numar_strada) VALUES (5, 'RO273849', 'OMV Petrom', 'J40/555/1998', 'RO99RZBR0000060012345678', 'Raiffeisen', 'carburant@petrom.ro','0715339571', 'Bucuresti', 'Bucuresti', 'Petrom City', 1);
INSERT INTO furnizor (id_furnizor, cui, nume_firma, numar_reg_com, iban, nume_banca, email, telefon, judet, oras, strada, numar_strada) VALUES (6, 'RO637182', 'Vesta Investment', 'J40/666/2001', 'RO33BTRL0000120101234567', 'Banca Transilvania', 'office@vesta.ro','0216954193', 'Ilfov', 'Otopeni', 'Calea Bucurestilor', 111);
INSERT INTO furnizor (id_furnizor, cui, nume_firma, numar_reg_com, iban, nume_banca, email, telefon, judet, oras, strada, numar_strada) VALUES (7, 'RO192038', 'Sika Romania', 'J08/777/2002', 'RO44OTPV0100001234567890', 'OTP Bank', 'comenzi@sika.ro','0268366598', 'Brasov', 'Brasov', 'Str. Ioan Clopotel', 4);
INSERT INTO furnizor (id_furnizor, cui, nume_firma, numar_reg_com, iban, nume_banca, email, telefon, judet, oras, strada, numar_strada) VALUES (8, 'RO748392', 'Wienerberger', 'J40/222/1998', 'RO77CECB0000123456789012', 'CEC Bank', 'office@wienerberger.ro','0213895547', 'Bucuresti', 'Bucuresti', 'Sos. Bucuresti-Ploiesti', 1);
INSERT INTO furnizor (id_furnizor, cui, nume_firma, numar_reg_com, iban, nume_banca, email, telefon, judet, oras, strada, numar_strada) VALUES (9, 'RO516273', 'Bilka Steel', 'J08/123/2007', 'RO88BACX0000999911112222', 'UniCredit', 'vanzari@bilka.ro','0768361288', 'Brasov', 'Brasov', 'Str. Henri Coanda', 10);
INSERT INTO furnizor (id_furnizor, cui, nume_firma, numar_reg_com, iban, nume_banca, email, telefon, judet, oras, strada, numar_strada) VALUES (10, 'RO829103', 'Damila SA', 'J38/999/2000', 'RO55BRDE0000123456789012', 'BRD', 'office@damila.ro','0772895872', 'Valcea', 'Ramnicu Valcea', 'Str. Barajului', 8);


INSERT INTO oferta (id_furnizor, id_material, pret_oferit) VALUES (1, 4, 90.00);
INSERT INTO oferta (id_furnizor, id_material, pret_oferit) VALUES (1, 5, 180.00);
INSERT INTO oferta (id_furnizor, id_material, pret_oferit) VALUES (2, 1, 570.00);
INSERT INTO oferta (id_furnizor, id_material, pret_oferit) VALUES (2, 3, 4.20);
INSERT INTO oferta (id_furnizor, id_material, pret_oferit) VALUES (3, 6, 470.00);
INSERT INTO oferta (id_furnizor, id_material, pret_oferit) VALUES (3, 7, 33.00);
INSERT INTO oferta (id_furnizor, id_material, pret_oferit) VALUES (4, 8, 245.00);
INSERT INTO oferta (id_furnizor, id_material, pret_oferit) VALUES (2, 2, 2750.00);
INSERT INTO oferta (id_furnizor, id_material, pret_oferit) VALUES (6, 11, 26.50);
INSERT INTO oferta (id_furnizor, id_material, pret_oferit) VALUES (4, 12, 6.20);
INSERT INTO oferta (id_furnizor, id_material, pret_oferit) VALUES (10, 12, 6.40);
INSERT INTO oferta (id_furnizor, id_material, pret_oferit) VALUES (10, 6, 475.00);
INSERT INTO oferta (id_furnizor, id_material, pret_oferit) VALUES (7, 3, 4.80);
INSERT INTO oferta (id_furnizor, id_material, pret_oferit) VALUES (1, 10, 11.50);
INSERT INTO oferta (id_furnizor, id_material, pret_oferit) VALUES (3, 4, 98.00);
INSERT INTO oferta (id_furnizor, id_material, pret_oferit) VALUES (2, 9, 258.00);
INSERT INTO oferta (id_furnizor, id_material, pret_oferit) VALUES (1, 9, 390.00);
INSERT INTO oferta (id_furnizor, id_material, pret_oferit) VALUES (4, 7, 250.00);
INSERT INTO oferta (id_furnizor, id_material, pret_oferit) VALUES (6, 8, 255.00);
INSERT INTO oferta (id_furnizor, id_material, pret_oferit) VALUES (10, 7, 34.00);


INSERT INTO pontaj (id_pontaj, id_angajat, id_lucrare, data_lucru, nr_ore) VALUES (1, 1, 1, TO_DATE('15-MAR-2024','DD-MON-YYYY'), 10);
INSERT INTO pontaj (id_pontaj, id_angajat, id_lucrare, data_lucru, nr_ore) VALUES (2, 2, 1, TO_DATE('15-MAR-2024','DD-MON-YYYY'), 10);
INSERT INTO pontaj (id_pontaj, id_angajat, id_lucrare, data_lucru, nr_ore) VALUES (3, 3, 1, TO_DATE('15-MAR-2024','DD-MON-YYYY'), 10);
INSERT INTO pontaj (id_pontaj, id_angajat, id_lucrare, data_lucru, nr_ore) VALUES (4, 7, 1, TO_DATE('16-MAR-2024','DD-MON-YYYY'), 8);
INSERT INTO pontaj (id_pontaj, id_angajat, id_lucrare, data_lucru, nr_ore) VALUES (5, 9, 2, TO_DATE('01-APR-2023','DD-MON-YYYY'), 12);
INSERT INTO pontaj (id_pontaj, id_angajat, id_lucrare, data_lucru, nr_ore) VALUES (6, 14, 2, TO_DATE('01-APR-2023','DD-MON-YYYY'), 12);
INSERT INTO pontaj (id_pontaj, id_angajat, id_lucrare, data_lucru, nr_ore) VALUES (7, 4, 2, TO_DATE('02-APR-2023','DD-MON-YYYY'), 10);
INSERT INTO pontaj (id_pontaj, id_angajat, id_lucrare, data_lucru, nr_ore) VALUES (8, 18, 4, TO_DATE('20-JUN-2023','DD-MON-YYYY'), 11);
INSERT INTO pontaj (id_pontaj, id_angajat, id_lucrare, data_lucru, nr_ore) VALUES (9, 19, 4, TO_DATE('20-JUN-2023','DD-MON-YYYY'), 11);
INSERT INTO pontaj (id_pontaj, id_angajat, id_lucrare, data_lucru, nr_ore) VALUES (10, 20, 4, TO_DATE('21-JUN-2023','DD-MON-YYYY'), 11);
INSERT INTO pontaj (id_pontaj, id_angajat, id_lucrare, data_lucru, nr_ore) VALUES (11, 21, 7, TO_DATE('15-SEP-2023','DD-MON-YYYY'), 10);
INSERT INTO pontaj (id_pontaj, id_angajat, id_lucrare, data_lucru, nr_ore) VALUES (12, 13, 7, TO_DATE('15-SEP-2023','DD-MON-YYYY'), 10);
INSERT INTO pontaj (id_pontaj, id_angajat, id_lucrare, data_lucru, nr_ore) VALUES (13, 5, 3, TO_DATE('02-AUG-2022','DD-MON-YYYY'), 9);
INSERT INTO pontaj (id_pontaj, id_angajat, id_lucrare, data_lucru, nr_ore) VALUES (14, 6, 3, TO_DATE('02-AUG-2022','DD-MON-YYYY'), 9);
INSERT INTO pontaj (id_pontaj, id_angajat, id_lucrare, data_lucru, nr_ore) VALUES (15, 8, 9, TO_DATE('05-JUN-2024','DD-MON-YYYY'), 10);
INSERT INTO pontaj (id_pontaj, id_angajat, id_lucrare, data_lucru, nr_ore) VALUES (16, 10, 9, TO_DATE('05-JUN-2024','DD-MON-YYYY'), 8);
INSERT INTO pontaj (id_pontaj, id_angajat, id_lucrare, data_lucru, nr_ore) VALUES (17, 11, 5, TO_DATE('11-MAY-2024','DD-MON-YYYY'), 10);
INSERT INTO pontaj (id_pontaj, id_angajat, id_lucrare, data_lucru, nr_ore) VALUES (18, 12, 5, TO_DATE('12-MAY-2024','DD-MON-YYYY'), 8);
INSERT INTO pontaj (id_pontaj, id_angajat, id_lucrare, data_lucru, nr_ore) VALUES (19, 15, 11, TO_DATE('21-APR-2024','DD-MON-YYYY'), 9);
INSERT INTO pontaj (id_pontaj, id_angajat, id_lucrare, data_lucru, nr_ore) VALUES (20, 16, 11, TO_DATE('22-APR-2024','DD-MON-YYYY'), 9);
INSERT INTO pontaj (id_pontaj, id_angajat, id_lucrare, data_lucru, nr_ore) VALUES (21, 17, 13, TO_DATE('11-AUG-2023','DD-MON-YYYY'), 8);
INSERT INTO pontaj (id_pontaj, id_angajat, id_lucrare, data_lucru, nr_ore) VALUES (22, 1, 14, TO_DATE('05-JAN-2024','DD-MON-YYYY'), 10);
INSERT INTO pontaj (id_pontaj, id_angajat, id_lucrare, data_lucru, nr_ore) VALUES (23, 2, 14, TO_DATE('05-JAN-2024','DD-MON-YYYY'), 10);
INSERT INTO pontaj (id_pontaj, id_angajat, id_lucrare, data_lucru, nr_ore) VALUES (24, 3, 10, TO_DATE('16-FEB-2024','DD-MON-YYYY'), 8);
INSERT INTO pontaj (id_pontaj, id_angajat, id_lucrare, data_lucru, nr_ore) VALUES (25, 4, 10, TO_DATE('16-FEB-2024','DD-MON-YYYY'), 8);
INSERT INTO pontaj (id_pontaj, id_angajat, id_lucrare, data_lucru, nr_ore) VALUES (26, 5, 8, TO_DATE('11-MAR-2024','DD-MON-YYYY'), 9);
INSERT INTO pontaj (id_pontaj, id_angajat, id_lucrare, data_lucru, nr_ore) VALUES (27, 6, 8, TO_DATE('12-MAR-2024','DD-MON-YYYY'), 9);
INSERT INTO pontaj (id_pontaj, id_angajat, id_lucrare, data_lucru, nr_ore) VALUES (28, 7, 12, TO_DATE('02-MAY-2024','DD-MON-YYYY'), 8);
INSERT INTO pontaj (id_pontaj, id_angajat, id_lucrare, data_lucru, nr_ore) VALUES (29, 8, 12, TO_DATE('03-MAY-2024','DD-MON-YYYY'), 8);
INSERT INTO pontaj (id_pontaj, id_angajat, id_lucrare, data_lucru, nr_ore) VALUES (30, 9, 15, TO_DATE('02-SEP-2024','DD-MON-YYYY'), 10);


INSERT INTO consum (id_consum, id_lucrare, id_material, nr_inmatriculare, cantitate_material, data_consum) VALUES (1, 1, 1, NULL, 150.00, TO_DATE('15-MAR-2024','DD-MON-YYYY'));
INSERT INTO consum (id_consum, id_lucrare, id_material, nr_inmatriculare, cantitate_utilaj, data_consum) VALUES (2, 1, NULL, 'VL 21 VRT', 10.00, TO_DATE('15-MAR-2024','DD-MON-YYYY'));
INSERT INTO consum (id_consum, id_lucrare, id_material, nr_inmatriculare, cantitate_utilaj, data_consum) VALUES (3, 1, NULL, 'VL 55 VRT', 10.00, TO_DATE('15-MAR-2024','DD-MON-YYYY'));
INSERT INTO consum (id_consum, id_lucrare, id_material, nr_inmatriculare, cantitate_material, data_consum) VALUES (4, 4, 5, NULL, 500.00, TO_DATE('20-JUN-2023','DD-MON-YYYY'));
INSERT INTO consum (id_consum, id_lucrare, id_material, nr_inmatriculare, cantitate_utilaj, data_consum) VALUES (5, 4, NULL, 'VL 10 VRT', 11.00, TO_DATE('20-JUN-2023','DD-MON-YYYY'));
INSERT INTO consum (id_consum, id_lucrare, id_material, nr_inmatriculare, cantitate_utilaj, data_consum) VALUES (6, 4, NULL, 'VL 12 VRT', 8.00, TO_DATE('21-JUN-2023','DD-MON-YYYY'));
INSERT INTO consum (id_consum, id_lucrare, id_material, nr_inmatriculare, cantitate_material, data_consum) VALUES (7, 2, 6, NULL, 200.00, TO_DATE('01-APR-2023','DD-MON-YYYY'));
INSERT INTO consum (id_consum, id_lucrare, id_material, nr_inmatriculare, cantitate_utilaj, data_consum) VALUES (8, 2, NULL, 'VL 88 VRT', 12.00, TO_DATE('01-APR-2023','DD-MON-YYYY'));
INSERT INTO consum (id_consum, id_lucrare, id_material, nr_inmatriculare, cantitate_material, data_consum) VALUES (9, 7, 8, NULL, 500.00, TO_DATE('15-SEP-2023','DD-MON-YYYY'));
INSERT INTO consum (id_consum, id_lucrare, id_material, nr_inmatriculare, cantitate_material, data_consum) VALUES (10, 12, 3, NULL, 500.00, TO_DATE('02-MAY-2024','DD-MON-YYYY'));
INSERT INTO consum (id_consum, id_lucrare, id_material, nr_inmatriculare, cantitate_material, data_consum) VALUES (11, 12, 11, NULL, 100.00, TO_DATE('03-MAY-2024','DD-MON-YYYY'));
INSERT INTO consum (id_consum, id_lucrare, id_material, nr_inmatriculare, cantitate_material, data_consum) VALUES (12, 3, 1, NULL, 50.00, TO_DATE('01-AUG-2022','DD-MON-YYYY'));
INSERT INTO consum (id_consum, id_lucrare, id_material, nr_inmatriculare, cantitate_utilaj, data_consum) VALUES (13, 3, NULL, 'VL 77 VRT', 5.00, TO_DATE('01-AUG-2022','DD-MON-YYYY'));
INSERT INTO consum (id_consum, id_lucrare, id_material, nr_inmatriculare, cantitate_material, data_consum) VALUES (14, 5, 1, NULL, 200.00, TO_DATE('10-MAY-2024','DD-MON-YYYY'));
INSERT INTO consum (id_consum, id_lucrare, id_material, nr_inmatriculare, cantitate_utilaj, data_consum) VALUES (15, 5, NULL, 'VL 21 VRT', 10.00, TO_DATE('10-MAY-2024','DD-MON-YYYY'));
INSERT INTO consum (id_consum, id_lucrare, id_material, nr_inmatriculare, cantitate_material, data_consum) VALUES (16, 9, 5, NULL, 1000.00, TO_DATE('01-JUN-2024','DD-MON-YYYY'));
INSERT INTO consum (id_consum, id_lucrare, id_material, nr_inmatriculare, cantitate_utilaj, data_consum) VALUES (17, 9, NULL, 'VL 09 VRT', 15.00, TO_DATE('01-JUN-2024','DD-MON-YYYY'));
INSERT INTO consum (id_consum, id_lucrare, id_material, nr_inmatriculare, cantitate_utilaj, data_consum) VALUES (18, 9, NULL, 'VL 39 VRT', 30.00, TO_DATE('01-JUN-2024','DD-MON-YYYY'));
INSERT INTO consum (id_consum, id_lucrare, id_material, nr_inmatriculare, cantitate_material, data_consum) VALUES (19, 11, 6, NULL, 300.00, TO_DATE('20-APR-2024','DD-MON-YYYY'));
INSERT INTO consum (id_consum, id_lucrare, id_material, nr_inmatriculare, cantitate_utilaj, data_consum) VALUES (20, 11, NULL, 'VL 33 VRT', 8.00, TO_DATE('20-APR-2024','DD-MON-YYYY'));
INSERT INTO consum (id_consum, id_lucrare, id_material, nr_inmatriculare, cantitate_material, data_consum) VALUES (21, 14, 4, NULL, 100.00, TO_DATE('01-JAN-2024','DD-MON-YYYY'));
INSERT INTO consum (id_consum, id_lucrare, id_material, nr_inmatriculare, cantitate_utilaj, data_consum) VALUES (22, 14, NULL, 'VL 99 VRT', 6.00, TO_DATE('01-JAN-2024','DD-MON-YYYY'));
INSERT INTO consum (id_consum, id_lucrare, id_material, nr_inmatriculare, cantitate_material, data_consum) VALUES (23, 15, 11, NULL, 50.00, TO_DATE('01-SEP-2024','DD-MON-YYYY'));
INSERT INTO consum (id_consum, id_lucrare, id_material, nr_inmatriculare, cantitate_material, data_consum) VALUES (24, 4, 4, NULL, 2000.00, TO_DATE('21-JUN-2023','DD-MON-YYYY'));
INSERT INTO consum (id_consum, id_lucrare, id_material, nr_inmatriculare, cantitate_utilaj, data_consum) VALUES (25, 4, NULL, 'VL 62 VRT', 40.00, TO_DATE('21-JUN-2023','DD-MON-YYYY'));
INSERT INTO consum (id_consum, id_lucrare, id_material, nr_inmatriculare, cantitate_material, cantitate_utilaj, data_consum) VALUES (26, 2, 4, 'VL 39 VRT', 25.00, 40.00, TO_DATE('02-APR-2023','DD-MON-YYYY'));
INSERT INTO consum (id_consum, id_lucrare, id_material, nr_inmatriculare, cantitate_material, cantitate_utilaj, data_consum) VALUES (27, 4, 6, 'VL 33 VRT', 10.00, 15.00, TO_DATE('22-JUN-2023','DD-MON-YYYY'));
INSERT INTO consum (id_consum, id_lucrare, id_material, nr_inmatriculare, cantitate_material, cantitate_utilaj, data_consum) VALUES (28, 1, 1, 'VL 62 VRT', 18.00, 5.00, TO_DATE('16-MAR-2024','DD-MON-YYYY'));
INSERT INTO consum (id_consum, id_lucrare, id_material, nr_inmatriculare, cantitate_material, cantitate_utilaj, data_consum) VALUES (29, 11, 5, 'VL 39 VRT', 20.00, 12.00, TO_DATE('21-APR-2024','DD-MON-YYYY'));
INSERT INTO consum (id_consum, id_lucrare, id_material, nr_inmatriculare, cantitate_material, cantitate_utilaj, data_consum) VALUES (30, 14, 9, 'VL 62 VRT', 8.00, 100.00, TO_DATE('06-JAN-2024','DD-MON-YYYY'));
INSERT INTO consum (id_consum, id_lucrare, id_material, nr_inmatriculare, cantitate_material, cantitate_utilaj, data_consum) VALUES (31, 7, 12, 'VL 39 VRT', 500.00, 20.00, TO_DATE('16-SEP-2023','DD-MON-YYYY'));

COMMIT;